{
  "tailwind.config.ts": 1783114500.518004,
  "eslint.config.js": 1758596194.943683,
  "vite.config.ts": 1758596194.9558814,
  "postcss.config.js": 1758596194.9444036,
  "backend/server.js": 1771203701.6580837,
  "backend/api/chat.js": 1771203702.6618671,
  "src/App.tsx": 1770576976.7706163,
  "src/main.tsx": 1758596194.9551024,
  "src/vite-env.d.ts": 1758596194.9554994,
  "src/components/Footer.jsx": 1783114676.0886903,
  "src/components/About.jsx": 1783115523.7156768,
  "src/components/ChatBot.jsx": 1783115772.894051,
  "src/components/Experience.jsx": 1783115482.5649147,
  "src/components/Navbar.jsx": 1783115438.4899824,
  "src/components/Hero.jsx": 1783115461.8881524,
  "src/components/Projects.jsx": 1783115501.9169996,
  "src/components/Contact.jsx": 1783115532.8610816,
  "src/components/ui/aspect-ratio.tsx": 1758596194.9502392,
  "src/components/ui/alert-dialog.tsx": 1758596194.9500892,
  "src/components/ui/pagination.tsx": 1758596194.952458,
  "src/components/ui/tabs.tsx": 1758596194.9537816,
  "src/components/ui/card.tsx": 1758596194.950764,
  "src/components/ui/slider.tsx": 1758596194.9534516,
  "src/components/ui/popover.tsx": 1758596194.9525392,
  "src/components/ui/progress.tsx": 1758596194.9526172,
  "src/components/ui/toaster.tsx": 1758596194.9540617,
  "src/components/ui/input-otp.tsx": 1758596194.9520483,
  "src/components/ui/chart.tsx": 1758596194.9510639,
  "src/components/ui/hover-card.tsx": 1758596194.9519734,
  "src/components/ui/sheet.tsx": 1758596194.9531536,
  "src/components/ui/scroll-area.tsx": 1758596194.9528854,
  "src/components/ui/resizable.tsx": 1758596194.9527805,
  "src/components/ui/label.tsx": 1758596194.9522064,
  "src/components/ui/sonner.tsx": 1758596194.9535294,
  "src/components/ui/navigation-menu.tsx": 1758596194.9523757,
  "src/components/ui/accordion.tsx": 1758596194.9500024,
  "src/components/ui/drawer.tsx": 1758596194.9517114,
  "src/components/ui/tooltip.tsx": 1758596194.954374,
  "src/components/ui/alert.tsx": 1758596194.950162,
  "src/components/ui/use-toast.ts": 1758596194.9544423,
  "src/components/ui/switch.tsx": 1758596194.95361,
  "src/components/ui/calendar.tsx": 1758596194.9506571,
  "src/components/ui/breadcrumb.tsx": 1758596194.9505017,
  "src/components/ui/radio-group.tsx": 1758596194.9526923,
  "src/components/ui/command.tsx": 1770509281.109406,
  "src/components/ui/toggle-group.tsx": 1758596194.95415,
  "src/components/ui/avatar.tsx": 1758596194.950323,
  "src/components/ui/menubar.tsx": 1758596194.9522977,
  "src/components/ui/dialog.tsx": 1758596194.9515984,
  "src/components/ui/badge.tsx": 1758596194.9504232,
  "src/components/ui/sidebar.tsx": 1758596194.9532678,
  "src/components/ui/table.tsx": 1758596194.9536939,
  "src/components/ui/separator.tsx": 1758596194.9530647,
  "src/components/ui/button.tsx": 1758596194.95058,
  "src/components/ui/toggle.tsx": 1758596194.9542873,
  "src/components/ui/toast.tsx": 1758596194.953973,
  "src/components/ui/checkbox.tsx": 1758596194.9511995,
  "src/components/ui/collapsible.tsx": 1758596194.951307,
  "src/components/ui/dropdown-menu.tsx": 1758596194.9518147,
  "src/components/ui/select.tsx": 1758596194.9529784,
  "src/components/ui/textarea.tsx": 1770509286.7467275,
  "src/components/ui/input.tsx": 1758596194.9521308,
  "src/components/ui/skeleton.tsx": 1758596194.9533768,
  "src/components/ui/context-menu.tsx": 1758596194.9514942,
  "src/components/ui/form.tsx": 1758596194.9518979,
  "src/components/ui/carousel.tsx": 1758596194.9508588,
  "src/components/motion/SectionHeader.jsx": 1783114565.6400368,
  "src/components/motion/Reveal.jsx": 1783114554.6733065,
  "src/components/motion/DecryptText.jsx": 1783114560.4040833,
  "src/hooks/use-mobile.tsx": 1758596194.954568,
  "src/hooks/use-toast.ts": 1758596194.9546506,
  "src/lib/utils.ts": 1758596194.9549034,
  "src/data/projects.js": 1771216776.2506464,
  "src/pages/Index.tsx": 1758596194.9552872,
  "src/pages/NotFound.jsx": 1758596194.9553604,
  "src/pages/Index.jsx": 1783115548.3777442,
  "src/pages/ProjectDetail.jsx": 1770578598.3796275,
  "src/pages/NotFound.tsx": 1758596194.9554312,
  "README.md": 1771208277.490105,
  "AGENTS.md": 1770327872.5405967,
  "CLAUDE.md": 1775851561.6504538,
  "graphify-out/GRAPH_REPORT.md": 1783174556.5028508,
  "graphify-out/obsidian/_COMMUNITY_Collapsible Component.md": 1775851842.8902395,
  "graphify-out/obsidian/_COMMUNITY_Vite Config.md": 1775851842.889837,
  "graphify-out/obsidian/_COMMUNITY_Project Concepts & Themes.md": 1775851842.8891807,
  "graphify-out/obsidian/hover-card.tsx.md": 1775851842.8754654,
  "graphify-out/obsidian/sidebar.tsx.md": 1775851842.8785336,
  "graphify-out/obsidian/Linux Syscall Table.md": 1775851842.8869925,
  "graphify-out/obsidian/useIsMobile().md": 1775851842.8802874,
  "graphify-out/obsidian/Path Aliases @ - src.md": 1775851842.8820994,
  "graphify-out/obsidian/ChatBot.jsx.md": 1775851842.873028,
  "graphify-out/obsidian/_COMMUNITY_ChatBot & Card UI.md": 1775851842.889264,
  "graphify-out/obsidian/VM Simulator Project.md": 1775851842.8875716,
  "graphify-out/obsidian/vite-env.d.ts.md": 1775851842.872573,
  "graphify-out/obsidian/PaginationNext().md": 1775851842.8743649,
  "graphify-out/obsidian/QEMU AFL Fuzzing Environment.md": 1775851842.8870668,
  "graphify-out/obsidian/dropdown-menu.tsx.md": 1775851842.8795485,
  "graphify-out/obsidian/University of Toronto - Honours BSc Computer Science.md": 1775851842.882456,
  "graphify-out/obsidian/Skeleton().md": 1775851842.8798943,
  "graphify-out/obsidian/carousel.tsx.md": 1775851842.880097,
  "graphify-out/obsidian/_COMMUNITY_ESLint Config.md": 1775851842.8897724,
  "graphify-out/obsidian/sheet.tsx.md": 1775851842.87564,
  "graphify-out/obsidian/calendar.tsx.md": 1775851842.8773005,
  "graphify-out/obsidian/progress.tsx.md": 1775851842.8747535,
  "graphify-out/obsidian/skeleton.tsx.md": 1775851842.879825,
  "graphify-out/obsidian/AG Personal Brand  Logo.md": 1775851842.8841867,
  "graphify-out/obsidian/Projects().md": 1775851842.8734334,
  "graphify-out/obsidian/server.js.md": 1775851842.8721197,
  "graphify-out/obsidian/switch.tsx.md": 1775851842.877226,
  "graphify-out/obsidian/main.tsx.md": 1775851842.8725104,
  "graphify-out/obsidian/AG Brand Icon (JPG, dark background).md": 1775851842.8837204,
  "graphify-out/obsidian/pagination.tsx.md": 1775851842.8740056,
  "graphify-out/obsidian/card.tsx.md": 1775851842.8745487,
  "graphify-out/obsidian/EXT2 Filesystem Project.md": 1775851842.8874679,
  "graphify-out/obsidian/reducer().md": 1775851842.8804827,
  "graphify-out/obsidian/separator.tsx.md": 1775851842.8789315,
  "graphify-out/obsidian/Aaryan Gupta (Person).md": 1775851842.8840592,
  "graphify-out/obsidian/robots.txt SEO Configuration.md": 1775851842.88216,
  "graphify-out/obsidian/checkbox.tsx.md": 1775851842.8793783,
  "graphify-out/obsidian/Plant Monitor Microcontroller.md": 1775851842.8871949,
  "graphify-out/obsidian/Plant Monitor Project.md": 1775851842.887984,
  "graphify-out/obsidian/use-mobile.tsx.md": 1775851842.880222,
  "graphify-out/obsidian/radio-group.tsx.md": 1775851842.8775542,
  "graphify-out/obsidian/App.tsx.md": 1775851842.8723872,
  "graphify-out/obsidian/NotFound().md": 1775851842.881286,
  "graphify-out/obsidian/resizable.tsx.md": 1775851842.8759475,
  "graphify-out/obsidian/Sokoban (Box-Pushing Puzzle Game).md": 1775851842.8851924,
  "graphify-out/obsidian/Technical Skills Summary.md": 1775851842.8831205,
  "graphify-out/obsidian/_COMMUNITY_Portfolio Page Sections.md": 1775851842.8885002,
  "graphify-out/obsidian/LCD Status Display.md": 1775851842.8873277,
  "graphify-out/obsidian/aspect-ratio.tsx.md": 1775851842.8737495,
  "graphify-out/obsidian/x86_64 System Call ABI.md": 1775851842.887131,
  "graphify-out/obsidian/_COMMUNITY_App Routing & Navigation.md": 1775851842.8885891,
  "graphify-out/obsidian/_COMMUNITY_Layout & Responsive UI.md": 1775851842.8889422,
  "graphify-out/obsidian/getProjectBySlug().md": 1775851842.8809073,