{
  "tailwind.config.ts": 1771217100.6004422,
  "eslint.config.js": 1758596194.943683,
  "vite.config.ts": 1758596194.9558814,
  "postcss.config.js": 1758596194.9444036,
  "backend/server.js": 1771203701.6580837,
  "backend/api/chat.js": 1771203702.6618671,
  "src/App.tsx": 1770576976.7706163,
  "src/main.tsx": 1758596194.9551024,
  "src/vite-env.d.ts": 1758596194.9554994,
  "src/components/Footer.jsx": 1758596194.9497173,
  "src/components/About.jsx": 1770352333.7927403,
  "src/components/Education.jsx": 1758596194.9495568,
  "src/components/ChatBot.jsx": 1775847169.659957,
  "src/components/Experience.jsx": 1770349482.339325,
  "src/components/Hero.jsx": 1775847169.6595938,
  "src/components/Projects.jsx": 1770578594.4030762,
  "src/components/Contact.jsx": 1770352633.5921845,
  "src/components/ui/aspect-ratio.tsx": 1758596194.9502392,
  "src/components/ui/alert-dialog.tsx": 1758596194.9500892,
  "src/components/ui/pagination.tsx": 1758596194.952458,
  "src/components/ui/tabs.tsx": 1758596194.9537816,
  "src/components/ui/card.tsx": 1758596194.950764,
  "src/components/ui/slider.tsx": 1758596194.9534516,
  "src/components/ui/popover.tsx": 1758596194.9525392,
  "src/components/ui/progress.tsx": 1758596194.9526172,
  "src/components/ui/toaster.tsx": 1758596194.9540617,
  "src/components/ui/input-otp.tsx": 1758596194.9520483,
  "src/components/ui/chart.tsx": 1758596194.9510639,
  "src/components/ui/hover-card.tsx": 1758596194.9519734,
  "src/components/ui/sheet.tsx": 1758596194.9531536,
  "src/components/ui/scroll-area.tsx": 1758596194.9528854,
  "src/components/ui/resizable.tsx": 1758596194.9527805,
  "src/components/ui/label.tsx": 1758596194.9522064,
  "src/components/ui/sonner.tsx": 1758596194.9535294,
  "src/components/ui/navigation-menu.tsx": 1758596194.9523757,
  "src/components/ui/accordion.tsx": 1758596194.9500024,
  "src/components/ui/drawer.tsx": 1758596194.9517114,
  "src/components/ui/tooltip.tsx": 1758596194.954374,
  "src/components/ui/alert.tsx": 1758596194.950162,
  "src/components/ui/use-toast.ts": 1758596194.9544423,
  "src/components/ui/switch.tsx": 1758596194.95361,
  "src/components/ui/calendar.tsx": 1758596194.9506571,
  "src/components/ui/breadcrumb.tsx": 1758596194.9505017,
  "src/components/ui/radio-group.tsx": 1758596194.9526923,
  "src/components/ui/command.tsx": 1770509281.109406,
  "src/components/ui/toggle-group.tsx": 1758596194.95415,
  "src/components/ui/avatar.tsx": 1758596194.950323,
  "src/components/ui/menubar.tsx": 1758596194.9522977,
  "src/components/ui/dialog.tsx": 1758596194.9515984,
  "src/components/ui/badge.tsx": 1758596194.9504232,
  "src/components/ui/sidebar.tsx": 1758596194.9532678,
  "src/components/ui/table.tsx": 1758596194.9536939,
  "src/components/ui/separator.tsx": 1758596194.9530647,
  "src/components/ui/button.tsx": 1758596194.95058,
  "src/components/ui/toggle.tsx": 1758596194.9542873,
  "src/components/ui/toast.tsx": 1758596194.953973,
  "src/components/ui/checkbox.tsx": 1758596194.9511995,
  "src/components/ui/collapsible.tsx": 1758596194.951307,
  "src/components/ui/dropdown-menu.tsx": 1758596194.9518147,
  "src/components/ui/select.tsx": 1758596194.9529784,
  "src/components/ui/textarea.tsx": 1770509286.7467275,
  "src/components/ui/input.tsx": 1758596194.9521308,
  "src/components/ui/skeleton.tsx": 1758596194.9533768,
  "src/components/ui/context-menu.tsx": 1758596194.9514942,
  "src/components/ui/form.tsx": 1758596194.9518979,
  "src/components/ui/carousel.tsx": 1758596194.9508588,
  "src/hooks/use-mobile.tsx": 1758596194.954568,
  "src/hooks/use-toast.ts": 1758596194.9546506,
  "src/lib/utils.ts": 1758596194.9549034,
  "src/data/projects.js": 1771216776.2506464,
  "src/pages/Index.tsx": 1758596194.9552872,
  "src/pages/NotFound.jsx": 1758596194.9553604,
  "src/pages/Index.jsx": 1770508417.7853181,
  "src/pages/ProjectDetail.jsx": 1770578598.3796275,
  "src/pages/NotFound.tsx": 1758596194.9554312,
  "README.md": 1771208277.490105,
  "AGENTS.md": 1770327872.5405967,
  "public/robots.txt": 1758596194.9488685,
  "public/cv.pdf": 1769729541.8519886,
  "public/placeholder.svg": 1758596194.9487927,
  "public/assets/profile.jpg": 1758596194.9465382,
  "public/assets/projects/linux-shell.png": 1758596194.9471858,
  "public/assets/projects/student-suite.jpg": 1770692391.6380937,
  "public/assets/projects/sokoban.gif": 1758596194.9486141,
  "public/assets/projects/memory-visualizer.jpg": 1758596194.947571,
  "public/assets/projects/job-executor.jpg": 1771209002.876935,
  "public/assets/projects/knowledge-nexus.jpg": 1770691826.8650646,
  "public/assets/projects/ext2-filesystem.jpg": 1770691068.901292,
  "public/assets/projects/vm-simulator.jpg": 1771208044.889773,
  "public/assets/projects/paint-app.jpg": 1758596194.9484549,
  "public/assets/projects/syscall-interceptor.jpg": 1770691366.0725944,
  "public/assets/projects/plant-monitor.jpg": 1771209134.692753,
  "public/assets/logos/uoft-logo.png": 1758596194.9463856,
  "public/assets/icons/AG.png": 1758596194.9455645,
  "public/assets/icons/AG.jpg": 1758596194.945294
}